{
  "n_frames": 200,
  "budget_ms": 5.0,
  "mean_ms": 2.2098309999455523,
  "p50_ms": 2.1565000006376067,
  "p95_ms": 2.6050500005112553,
  "p99_ms": 2.849286999662581,
  "max_ms": 3.126499999780208,
  "budget_met": true,
  "slope_gain": 6.078147695276464
}